spec,allowable_load_kg
10-156PRLT(S),1010
10-158PRLT(S),1195
10-16.5LT10PR(D),1250
10-16.5LT10PR(S),1420
10-16.5LT6PR(D),930
10-16.5LT6PR(S),1055
10-16.5LT8PR(D),1095
10-16.5LT8PR(S),1245
10-22.5-10PR(D),1930
10-22.5-10PR(S),2025
10-22.5-12PR(D),2145
10-22.5-12PR(S),2255
10-22.5-14PR(D),2300
10-22.5-14PR(S),2415
10-22.5-16PR(D),2400
10-22.5-16PR(S),2515
10.00-15-12PR(D),1940
10.00-15-12PR(S),2040
10.00-15-14PR(D),2030
10.00-15-14PR(S),2130
10.00-15-16PR(D),2120
10.00-15-16PR(S),2220
10.00-15-18PR(D),2205
10.00-15-18PR(S),2310
10.00-15-20PR(D),2285
10.00-15-20PR(S),2395
10.00-20-12PR(D),2210
10.00-20-12PR(S),2450
10.00-20-14PR(D),2425
10.00-20-14PR(S),2700
10.00-20-14PR(S),2740
10.00-20-16PR(D),2525
10.00-20-16PR(D),2630
10.00-20-16PR(D),2865
10.00-20-16PR(S),2815
10.00-20-16PR(S),2998
10.00-20-16PR(S),3000
10.00-20-16PR(S),3265
10.00-22-12PR(D),2415
10.00-22-12PR(S),2555
10.00-22-14PR(D),2655
10.00-22-14PR(S),2835
10.00-22-16PR(D),2770
10.00-22-16PR(S),2975
10.00R20-14PR(D),2425
10.00R20-14PR(S),2700
10R-22.5-14PR(S),2575
10R-22.5-14PR(S),2675
10R-22.5(D),2254
10R/22.5-14PR(S),2575
10R156PRLT(S),1010
10R158PRLT(S),1195
10R16.5LT10PR(D),1250
10R16.5LT10PR(S),1420
10R16.5LT6PR(D),930
10R16.5LT6PR(S),1055
10R16.5LT8PR(D),1095
10R16.5LT8PR(S),1245
10R22.5-14(S),2575
10R22.5-14P(S),2575
10R22.5-14PO(S),2575
10R22.5-14PR((S),2575
10R22.5-14PR(D),2300
10R22.5-14PR(S),2120
10R22.5-14PR(S),2415
10R22.5-14PR(S),2430
10R22.5-14PR(S),2575
10R22.5-14PR(S),2875
10R22.5-14PR(S),3000
10R22.5-14PR(S),3150
10R22.5-15PR(S),6550
10R22.5-16PR(S),2575
10R22.5-16PR(S),2760
10R22.514PR(S),2575
10RR22.5-14PR(S),2575
11-156PRLT(S),1090
11-158PRLT(S),1290
11-22.5-12PR(D),2320
11-22.5-12PR(S),2570
11-22.5-14PR(D),2425
11-22.5-14PR(S),2700
11-22.5-16PR(D),2525
11-22.5-16PR(S),2815
11-24.5-12PR(D),2415
11-24.5-12PR(S),2555
11-24.5-14PR(D),2655
11-24.5-14PR(S),2835
11-24.5-16PR(D),2770
11-24.5-16PR(S),2975
11.0-20-16PR(D),2900
11.0-20-16PR(S),3350
11.0×20-16PR(D),2900
11.0×20-16PR(S),3350
11.00-15-14PR(D),2245
11.00-15-14PR(S),2400
11.00-15-16PR(D),2380
11.00-15-16PR(S),2555
11.00-15-18PR(D),2475
11.00-15-18PR(S),2655
11.00-15-20PR(D),2565
11.00-15-20PR(S),2755
11.00-16PR(D),2900
11.00-16PR(S),3350
11.00-20-12PR(D),2435
11.00-20-12PR(D),2900
11.00-20-12PR(S),2585
11.00-20-14PR(D),2400
11.00-20-14PR(D),2620
11.00-20-14PR(D),2865
11.00-20-14PR(S),2990
11.00-20-165PR(D),2870
11.00-20-16PR,3265
11.00-20-16PR.(S),3260
11.00-20-16PR(D),2630
11.00-20-16PR(D),2785
11.00-20-16PR(D),2857
11.00-20-16PR(D),2860
11.00-20-16PR(D),2865
11.00-20-16PR(D),2866
11.00-20-16PR(D),2867
11.00-20-16PR(D),2870
11.00-20-16PR(D),2900
11.00-20-16PR(D),2910
11.00-20-16PR(D),2965
11.00-20-16PR(D),3075
11.00-20-16PR(D),3265
11.00-20-16PR(D),3350
11.00-20-16PR(D),3865
11.00-20-16PR(S),3100
11.00-20-16PR(S),3215
11.00-20-16PR(S),3250
11.00-20-16PR(S),3260
11.00-20-16PR(S),3265
11.00-20-16PR(S),3269
11.00-20-16PR(S),3270
11.00-20-16PR(S),3280
11.00-20-16PR(S),3350
11.00-20-16PR(S),3352
11.00-20-16PR(S),9601
11.00-20-16PR(S),2865
11.00-20-16PRR(D),2900
11.00-20-16R(D),2865
11.00-20-16R(D),2900
11.00-20-16R(S),3350
11.00-20-16RP(D),2865
11.00-20-16RP(D),2870
11.00-20-16RP(S),3270
11.00-20-18PR(D),2865
11.00-20-18PR(D),2895
11.00-20-18PR(S),3225
11.00-20-19PR(D),2900
11.00-20-20PR(D),3005
11.00-20-20PR(S),3345
11.00-20-22.5-20PR(D),2865
11.00-20.00-16PR(D),2870
11.00-20.00-16PR(S),3260
11.00-2016P(D),2900
11.00-2016P(S),3350
11.00-2016PR(D),2870
11.00-2016PR(D),2900
11.00-2016PR(S),3260
11.00-22-12PR(D),2635
11.00-22-12PR(S),2770
11.00-22-14PR(D),2890
11.00-22-14PR(S),3090
11.00-22-16PR(D),3015
11.00-22-16PR(S),3240
11.00-24-12PR(D),2870
11.00-24-12PR(S),3030
11.00-24-14PR(D),3135
11.00-24-14PR(S),3370
11.00-24-16PR(D),3235
11.00-24-16PR(S),3515
11.00-R20-16PR(D),2865
11.00/20-16PR(D),2900
11.00/20-16PR(S),3350
11.00×20-16PR(D),2787
11.00×20-16PR(D),2865
11.00×20-16PR(D),2867
11.00×20-16PR(D),2870
11.00×20-16PR(D),2900
11.00×20-16PR(S),3260
11.00×20-16PR(S),3265
11.00×20-16PR(S),3350
11.00×20×16PR(S),3350
11.00R-20-16PR(D),2865
11.00R-20-16PR(D),2870
11.00R20-14PR(D),2670
11.00R20-14PR(S),2840
11.00R20-16PR(D),2785
11.00R20-16PR(D),2865
11.00R20-16PR(D),2870
11.00R20-16PR(D),2900
11.00R20-16PR(S),3100
11.00R20-16PR(S),3260
11.00R20-16PR(S),3265
11.00R20-16PR(S),3350
11.00X20-16PR(D),2780
11.00X20-16PR(D),2785
11.00X20-16PR(D),2865
11.00X20-16PR(D),2900
11.00X20-16PR(D),6865
11.00X20-16PR(S),3350
112R22.5-16PR(D),2867
112R22.5-16PR(S),3266
11R156PRLT(S),1090
11R158PRLT(S),1290
11R22.5-146R(S),3150
11R22.5-14PR(D),2500
11R22.5-14PR(S),2725
11R22.5-14PR(S),3000
11R22.5-14PR(S),3150
11R22.5-164PR(S),3150
11R22.5-16PR(D),2625
11R22.5-16PR(D),2630
11R22.5-16PR(D),2631
11R22.5-16PR(D),2725
11R22.5-16PR(D),2870
11R22.5-16PR(D),2650
11R22.5-16PR(S),2120
11R22.5-16PR(S),2180
11R22.5-16PR(S),2725
11R22.5-16PR(S),2900
11R22.5-16PR(S),2995
11R22.5-16PR(S),2998
11R22.5-16PR(S),3000
11R22.5-16PR(S),3150
11R22.5-16PR(S),3270
11R22.5-16PR(S),3300
11R22.5-16PR(S),3550
11R22.5-18PR(S),3000
11R24.5-14PR(D),2560
11R24.5-14PR(S),2920
11R24.5-16PR(D),2860
11R24.5-16PR(S),3190
12-1510PRLT(S),1530
12-156PRLT(S),1020
12-158PRLT(S),1290
12-16.5LT10PR(D),1415
12-16.5LT10PR(S),1610
12-16.5LT12PR(D),1615
12-16.5LT12PR(S),1835
12-16.5LT6PR(D),945
12-16.5LT6PR(S),1075
12-16.5LT8PR(D),1195
12-16.5LT8PR(S),1360
12-22.5-12PR(D),2555
12-22.5-12PR(S),2715
12-22.5-14PR(D),2670
12-22.5-14PR(S),2840
12-22.5-16PR(D),2785
12-22.5-16PR(S),3100
12.00-20-14PR(D),2760
12.00-20-14PR(S),2900
12.00-20-16PR(D),2965
12.00-20-16PR(D),3075
12.00-20-16PR(S),3115
12.00-20-16PR(S),3350
12.00-20-16PR(S),3937
12.00-20-18PR(D),3095
12.00-20-18PR(S),3250
12.00-20-18PR(S),3270
12.00-20-18PR(S),3723
12.00-20-18PR(S),3724
12.00-20-20PR(D),3220
12.00-20-20PR(S),3385
12.00-22.5-16PR(D),2865
12.00-22.5-16PR(D),2870
12.00-22.5-16PR(D),3075
12.00-22.5-16PR(S),3270
12.00-22R-16PR(D),2870
12.00-24-14PR(D),3105
12.00-24-14PR(S),3265
12.00-24-16PR(D),3340
12.00-24-16PR(S),3505
12.00-24-18PR(D),3485
12.00-24-18PR(S),3660
12.00-24-20PR(D),3625
12.00-24-20PR(S),3810
12.00-R20-18PR(S),3724
12.00*22.5-16PR(D),3150
12.00*22.5-16PR(S),3550
12.00R-20-16PR(S),3720
12.00R-20-18PR(D),2870
12.00R-20-18PR(S),3720
12.00R20-16PR(D),2965
12.00R20-16PR(S),3115
12.00R20-18PR(D),3095
12.00R20-18PR(D),3265
12.00R20-18PR(S),3250
12.00R20-18PR(S),3720
12.00R20-18PR(S),3724
12.00R20-18PR(S),3725
12.00R22.5-16PR(D),2867
12.00R22.5-16PR(D),2870
12.00R22.5-16PR(D),2900
12.00R22.5-16PR(D),3075
12.00R22.5-16PR(S),3250
12.00R22.5-16PR(S),3266
12.00R22.5-16PR(S),3267
12.00R22.5-16PR(S),3270
12.00R22.5-16PR(S),3350
12.00R22.516PR(D),3075
12.00R22.516PR(S),3350
12.00R24-18PR(D),3485
12.00R24-18PR(S),3660
12.RX22.5-16PR(D),3075
12.RX22.5-16PR(S),3350
12/R22.5-16PR(D),3075
120R22.5-16PR(D),3075
122R22.5-16PR(D),3075
12R-22.5-16P(D),3075
12R-22.5-16PR(D),2865
12R-22.5-16PR(D),2870
12R-22.5-16PR(D),3075
12R-22.5-16PR(S),3260
12R-22.5-16PR(S),3265
12R-22.5-16PR(S),3270
12R-22.5-16PR(S),3350
12R-22.516PR(D),3075
12R-25.5-20PR(S),4080
12R/22.5-16PR(D),3075
12R/22.5-16PR(S),3550
12R×22.5-16PR(D),2866
12R×22.5-16PR(S),3265
12R1510PRLT(S),1530
12R156PRLT(S),1020
12R158PRLT(S),1290
12R16.5LT10PR(D),1415
12R16.5LT10PR(S),1610
12R16.5LT12PR(D),1615
12R16.5LT12PR(S),1835
12R16.5LT6PR(D),945
12R16.5LT6PR(S),1075
12R16.5LT8PR(D),1195
12R16.5LT8PR(S),1360
12R22.2-16PR(D),3075
12R22.5-116PR(D),2870
12R22.5-136PR(S),3270
12R22.5-14PR(D),2725
12R22.5-14PR(S),2575
12R22.5-14PR(S),3000
12R22.5-14PR(S),3350
12R22.5-15PR(D),2870
12R22.5-15PR(S),3270
12R22.5-16(D),3075
12R22.5-16(S),3350
12R22.5-16OR(D),2867
12R22.5-16PR((D),2865
12R22.5-16PR(D),1450
12R22.5-16PR(D),1520
12R22.5-16PR(D),2120
12R22.5-16PR(D),2687
12R22.5-16PR(D),2780
12R22.5-16PR(D),2787
12R22.5-16PR(D),2820
12R22.5-16PR(D),2860
12R22.5-16PR(D),2865
12R22.5-16PR(D),2866
12R22.5-16PR(D),2867
12R22.5-16PR(D),2870
12R22.5-16PR(D),2875
12R22.5-16PR(D),2900
12R22.5-16PR(D),3050
12R22.5-16PR(D),3070
12R22.5-16PR(D),3075
12R22.5-16PR(D),3150
12R22.5-16PR(D),3267
12R22.5-16PR(D),3315
12R22.5-16PR(D),3350
12R22.5-16PR(D),3375
12R22.5-16PR(D),3550
12R22.5-16PR(D),3870
12R22.5-16PR(D),4500
12R22.5-16PR(D),6320
12R22.5-16PR(D),5000
12R22.5-16PR(D),3260
12R22.5-16PR(D),4750
12R22.5-16PR(D),4082
12R22.5-16PR(D),4080
12R22.5-16PR(s),3260
12R22.5-16PR(S),2120
12R22.5-16PR(S),3150
12R22.5-16PR(S),3250
12R22.5-16PR(S),3260
12R22.5-16PR(S),3261
12R22.5-16PR(S),3265
12R22.5-16PR(S),3266
12R22.5-16PR(S),3267
12R22.5-16PR(S),3270
12R22.5-16PR(S),3350
12R22.5-16PR(S),3375
12R22.5-16PR(S),3550
12R22.5-16PR(S),3750
12R22.5-16PR(S),4080
12R22.5-16R(D),3075
12R22.5-18PR(D),2870
12R22.5-18PR(D),3250
12R22.5-18PR(D),7160
12R22.5-18PR(D),3550
12R22.5-18PR(S),3550
12R22.5-18PR(S),3750
12R22.5-20-16PR(D),2870
12R22.5-20-16PR(S),3270
12R22.5-20PR(D),2870
12R22.5-20PR(D),3075
12R22.5-20PR(D),3150
12R22.5-20PR(S),3550
12R22.5-24PR(D),3250
12R22.5-24PR(S),3550
12R22.5-2PR(D),3075
12R22.5-49PR(D),3075
12R22.5(D),3075
12R22.5(D),3150
12R22.5(D),3250
12R22.5(S),3550
12R22.5(S),5000
12R22.5/16PR(D),2870
12R22.5/16PR(S),3269
12R22.5016PR(D),3075
12R22.516PR(D),2865
12R22.516PR(D),2866
12R22.516PR(D),2867
12R22.516PR(D),2870
12R22.516PR(D),3070
12R22.516PR(D),3075
12R22.516PR(D),3150
12R22.516PR(S),2870
12R22.516PR(S),3265
12R22.516PR(S),3266
12R22.516PR(S),3270
12R22.516PR(S),3350
12R22.516PR(S),3550
12R22.5P-16PR(D),3150
12R22.5R16PR(D),2867
12R22.5R16PR(S),3266
12RR22.5-16PR(D),2870
12RX22.516PR(D),2870
12X8.5R14-8PR(D),825
13R22.5-18PR(D),2866
13R22.5-18PR(D),3250
13R22.5-18PR(S),3720
13R22.5-18PR(S),3724
13R22.5-18PR(S),3750
14.00R24-24PR(D),5300
14.00R24-24PR(S),5800
145R10-6PRLT(D),375
145R10-6PRLT(S),400
145R12-6PRLT(D),425
145R12-6PRLT(S),450
145R12-8PR(D),495
145R12-8PR(D),500
145R12-8PRLT(D),495
145R12-8PRLT(S),520
145R12<C>-8PR(D),495
145R12C-8PR(D),500
145R13-6PRLT(D),450
145R13-6PRLT(S),475
145R13-8PR(D),465
145R13-8PR(D),530
145R13-8PR(D),560
145R13-8PRLT(D),525
145R13-8PRLT(S),550
145R13C-10PR,580
145R13C-12PR,630
145R13C-8PR(D),530
145RC13C-8PR(D),530
145SR12,387
155-12-8PR(D),530
155.R12-8PR(D),530
155/R13C-8PR(D),585
155R-13C-8PR(D),565
155R12-6PR(S),485
155R12-6PR(S),487
155R12-6PRLT(D),460
155R12-6PRLT(S),485
155R12-8PR(D),530
155R12-8PR(D),535
155R12-8PR(D),560
155R12-8PR(S),485
155R12-8PR(S),560
155R12-8PRLT(D),535
155R12-8PRLT(S),560
155R126PR(S),487
155R12C-10PR(D),580
155R12C-10PR(S),580
155R12C-6PR(S),485
155R12C-6PR(S),487
155R12C-8P(D),530
155R12C-8PR,495
155R12C-8PR,530
155R12C-8PR(D),526
155R12C-8PR(D),529
155R12C-8PR(D),530
155R12C-8PR(D),550
155R12C-8PR(D),800
155R12C-8PR(S),560
155R12C(D),530
155R12C6PR(S),487
155R13-6PRLT(D),490
155R13-6PRLT(S),510
155R13-8PR(D),560
155R13-8PR(D),565
155R13-8PRLT(D),565
155R13-8PRLT(S),595
155R13<C>-8PR(D),565
155R13C-8PR(D),560
155R13C-8PR(D),565
155R13C10PR,615
155R13C93/92R10PR,630
155R14-6PRLT(D),530
155R14-6PRLT(S),560
155R15C-8,530
155R15C-8,50
165/60R14,437
165R13-6PRLT(D),560
165R13-6PRLT(S),585
165R13-8PR(D),630
165R13-8PRLT(D),640
165R13-8PRLT(S),670
165R14-6PRLT(D),615
165R14-6PRLT(S),650
175/50R15,437
175/60R13,412
175/65R15,550
175/70R14C,690
175R13-6PRLT(D),605
175R13-6PRLT(S),635
175R13-8PRLT(D),690
175R13-8PRLT(S),730
175R14-6PRLT(D),690
175R14-6PRLT(S),730
175R14-8PRLT(D),750
175R14-8PRLT(S),775
185-14-6PR(S),775
185/50R16,462
185/55R15,475
185/80R14,615
185R-14-6PR(S),775
185R13-6PRLT(D),690
185R13-6PRLT(S),730
185R13-8PRLT(D),750
185R13-8PRLT(S),800
185R14-6PR(S),730
185R14-6PR(S),745
185R14-6PR(S),775
185R14-6PRLT(D),730
185R14-6PRLT(S),775
185R14-8PR(S),848
185R14-8PR(S),850
185R14-8PRLT(D),800
185R14-8PRLT(S),850
185R14<C>-6PR(S),775
185R14<C>-8PR(S),850
185R14C,0
185R14C-6PR(S),775
185R14C(D),800
185R14C8PR,800
185R14C8PR,850
185R14LT102,850
18R14-6PR(S),775
19.5R15-8PR(S),950
195-14-8PR(S),950
195-R14-8P(S),950
195/15-12PR(S),1110
195/45R16,450
195/50R15,475
195/50ZR15,530
195/65R15(D),580
195/65R15(S),580
195/70P15C-6PR(S),800
195/70R14(S),615
195/70R15-6PR(S),800
195/70R15-8PR(S),950
195/70R15C-10PR(D),850
195/70R15C-10PR(S),900
195/70R15C-6P(S),800
195/70R15C-6PR(D),750
195/70R15C-6PR(S),800
195/70R15C-6PR(S),950
195/70R15C-8PR,900
195/70R15C-8PR(D),850
195/70R15C6PR(S),800
195/75R15C-8PR,900
195/75R16,900
195/75R16-10PR(D),965
195/75R16-10PR(D),975
195/75R16-10PR(D),1000
195/75R16-10PR(D),1060
195/75R16(D),975
195/75R16(S),1060
195/75R16C,1060
195/75R16C,965
195/75R16C-10PR(D),965
195/75R16C-10PR(D),1000
195/75R16c-12,1600
195/75R16C-12PR,1090
195/75R16C-8PR(D),925
195/75R16C(D),1090
195/75R16C(D),965
195/75R16C(S),1150
195/80R15C,1000
195/80R15LT-14PR(D),1150
195/80R15LT14,1150
195/85R16,1180
195/85R16-12PR(D),1120
195/85R16LT,1180
195/85R16LT-10PR,1180
195/85R16LT-10PR,880
195/85R16LT-12,1180
195/85R16LT-12PR,1180
195/85R16LT12PR,1180
195/R14C-6PR(S),850
195/R15-8PR(S),950
195R-12PR(D),1050
195R-14C-6PR(S),850
195R-15LT-12PR(S),1100
195R/14-6PR(S),850
195R/4C-8PR(S),950
195R14-6PR(S),705
195R14-6PR(S),850
195R14-6PRLT(D),800
195R14-6PRLT(S),850
195R14-8PR(D),950
195R14-8PR(S),850
195R14-8PR(S),870
195R14-8PR(S),900
195R14-8PR(S),935
195R14-8PR(S),949
195R14-8PR(S),950
195R14-8PRLT(D),900
195R14-8PRLT(S),950
195R14(C)-6PR,850
195R14<C>-6PR(S),850
195R14<C>-8PR(S),935
195R14<C>-8PR(S),950
195R14C-6PR(S),850
195R14C-6PR(S),920
195R14C-8PR(S),950
195R14C8PR(D),800
195R15,760
195R15-10PR(D),975
195R15-12(D),1050
195R15-12(D),1285
195R15-12PR(D),1050
195R15-12PR(D),1060
195R15-12PR(D),1250
195R15-12PR(D),1285
195R15-12PR(S),1090
195R15-6PR(S),875
195R15-8PR(D),950
195R15-8PR(S),900
195R15-8PR(S),950
195R15-8PR(S),1000
195R15-8PT(S),950
195R15C-8PR,900
195R15C-8PR(D),950
195R15C-8PR(D),905
195R15C-8PR(S),950
195R15LT-12PR(D),1050
195R15LT-12PR(D),1090
195R15LT-12PR(S),1150
195R15LT-8,950
195R15LT-8,900
195R15LT-8PR,950
195R16-10PR(D),965
19R14-8PR(S),950
19R15C-8,900
1OR22.5-14PR(S),2575
201/75R17.5-10PR(D),1600
205-15R16C-10,1150
205/40R17,500
205/40R18,530
205/45ZR 16,540
205/65R15,670
205/70R 16,1250
205/70R 16,1180
205/70R15-6PR,875
205/70R15-8PR(S),950
205/70R15(S),775
205/70R15(S),950
205/70R15C-69PR(S),875
205/70R15C-6PR(S),875
205/70R15C-6PR(S),900
205/70R15C-8PR(S),900
205/70R15C-8PR(S),950
205/70R15C(D),950
205/70R15C(S),950
205/70R17.5-10PR(D),1500
205/70R17.5.12PR,1600
205/70R19C-8PR(D),950
205/7517.5-10OPR(D),1120
205/75R 17.5,1700
205/75R14-8PR(S),1030
205/75R14(S),1030
205/75R14C-8PR(S),900
205/75R14C-8PR(S),1030
205/75R16C,980
205/75R16c-10pr,1150
205/75R16C-10PR(D),2400
205/75R16C-10PR(S),2535
205/75R16C8PR,1060
205/75R16LT,1180
205/75R16LT,1250
205/75R16LT (D),1180
205/75R16LT-12PR(D),1180
205/75R16LT-12PR(S),1250
205/75R17.5,1550
205/75R17.5-10PR(D),1400
205/75R17.5-10PR(D),1500
205/75R17.5-10PR(D),1600
205/75R17.5-10PR(D),1250
205/75R17.5-10PR(S),1500
205/75R17.5-10PR(S),1600
205/75R17.5-12PR(D),1450
205/75R17.5-12PR(D),1451
205/75R17.5-12PR(D),1500
205/75R17.5-12PR(S),1510
205/75R17.5-12PR(S),1551
205/75R17.5-12PR(S),1600
205/75R17.5-14PR,1600
205/75R17.5-16PR,1550
205/75R17.5( S),1600
205/75R17.5(D),1500
205/75R17.5(D),1550
205/75R17.5(S),1600
205/75R17.5(S),1650
205/75R17.512PR(D),1400
205/75R17.512PR(S),1450
205/75R17.514PR,1500
205/75R17.516PR,1600
205/75R17.516PR,1700
205/75R175(D)-10PR,1250
205/75R175(S)-10PR,1285
205/80R17.5,1400
205/85R16 12PR,1285
205R-14-8PR(S),1030
205R-14C-8PR(S),1030
205R14-8PR(S),1030
215/40R17,540
215/45R17,615
215/50R17,690
215/50ZR18(S),630
215/60R16,690
215/65R15C-6PR,900
215/65R16,750
215/65R17,900
215/65R17C,1120
215/70R149.5-18,2500
215/70R15(S),1030
215/70R15C-8PR(D),975
215/70R15C8PR,1030
215/70R16,1000
215/70R16-6PR(D),1000
215/70R16-6PR(S),1000
215/70R16(S),1000
215/70R16C,1000
215/70R16C-6PR(D),1000
215/70R16C-6PR(S),1000
215/70R16C(S),1000
215/70R17.5,1550
215/70R17.5-18,2750
215/70R19.5-18,2750
215/70R19.5-18,2575
215/70R19.5-18PR,2750
215/75R 17.5,1500
215/75R15,800
215/75R15,730
215/75R15-8PR(D),875
215/75R15-8PR(S),950
215/75R15C,950
215/75R16C,1250
215/75R16LT12PR,1285
215/75R17.5-12PR(D),1600
215/75R17.5-12PR(S),1700
215/75R17.5-14PR,1800
215/75R17.5-14PR(D),1600
215/75R17.5-14PR(D),1700
215/75R17.5-14PR(S),1700
215/75R17.5-16PR,2180
215/75R17.5-16PR(D),2060
215/75R17.5-16PR(D),2719
215/75R17.5-16PR(S),2180
215/75R17.5-16PR(S),1750
215/75R17.5-18PR(D),2120
215/75R17.5-18PR(S),2240
215/75R17.5(D),1600
215/75R17.5(D),2060
215/75R17.5(D)-16PR,2060
215/75R17.5(S),1700
215/75R17.512PR(D),1550
215/75R17.512PR(S),1600
215/75R17.514PR(D),2060
215/75R17.514PR(S),2180
215/75R17.516PR,2180
215/75R17.516PR(S),1800
215/75R17.518PR,2120
215/75R17.518PR,2060
215/80R15,850
215/80R22.5-18PR(S),3750
222.75R/17.5-14,1850
225/35/18R,545
225/35ZR18,545
225/35ZR19,560
225/40ZR 19,650
225/40ZR18,560
225/40ZR20(S),670
225/45R17,520
225/45R18,615
225/45ZR17,670
225/50R17,670
225/55R17,730
225/55R17,825
225/55R18,750
225/60R17,875
225/60R17,775
225/60R18,800
225/65R16,900
225/65R16C-8PR(D),1060
225/65R16C-8PR(S),1120
225/70R-16,875
225/70R15C,1120
225/70R17.5-14PR(S),1950
225/70R17.5(D),1750
225/75R16,900
225/75R16-12PR(S),1800
225/75R16(S),900
225/75R17.5,1950
225/75R17.5,1850
225/75R17.5-12PR(D),1750
225/75R17.5-12PR(S),1700
225/75R17.5-12PR(S),1800
225/75R17.5-12PR(S),1850
225/75R17.5-14PR,1750
225/75R17.5-14PR(D),1850
225/75R17.5-14PR(S),1850
225/75R17.5-14PR(S),1950
225/75R17.5-16PR(D),1750
225/75R17.5(D),1750
225/75R17.512PR,1650
225/75R17.512PR(D),1650
225/75R17.512PR(S),1700
225/75R17.516PR(S),1850
225/80R17.5,1500
225/80R17.5,1550
225/90R17.5,1600
235/35R20,630
235/35ZR20,630
235/40R18,690
235/45R18,750
235/50R18,900
235/50R19,875
235/55R 18,800
235/55R17,775
235/55R17,800
235/55R18,850
235/55R18,900
235/55R19,925
235/55R19,825
235/60R17,850
235/60R17(S),850
235/60R18,900
235/65R16,1215
235/65R16C-8PR,1215
235/65R17,1000
235/65R17(S),900
235/70R17.5-16PR(D),2575
235/70R17.5-18PR,2725
235/70R17.5-18PR(D),2575
235/75R-16PR(D),2575
235/75R-17.5-16PR(D),2570
235/75R-17.5-16PR(D),2575
235/75R-17.5-16PR(S),2575
235/75R-17.5-18PR(D),2575
235/75R15(D),825
235/75R15(S),900
235/75R16,850
235/75R17.5-14PR(S),1900
235/75R17.5-16(D),2575
235/75R17.5-16PR,2000
235/75R17.5-16PR(D),2575
235/75R17.5-16PR(D),2583
235/75R17.5-16PR(D),2725
235/75R17.5-16PR(S),2720
235/75R17.5-16PR(S),2723
235/75R17.5-18PR(D),2575
235/75R17.5-18PR(D),2650
235/75R17.5-18PR(D),2725
235/75R17.5-18PR(D),2900
235/75R17.5-18PR(S),2900
235/75R17.5(D),2575
235/75R17.5(D),8790
235/75R17.5(S),2725
235/75R17.512PR(D),1800
235/75R17.512PR(S),1900
235/75R17.514PR(D),1900
235/75R17.516PR(D),2575
235/75R17.516PR(D),1900
235/75R17.516PR(D),2000
235/75R17.516PR(S),2575
235/75R17.518PR(D),2575
235/75R17.518PR(S),2725
235/80R22.5-18PR(D),3550
235R17.5-18PR(D),2575
2445/70R19.5-14PR(D),2120
245-70R17.5-14PR(D),1985
245-70R19.5-14P(D),1984
245-70R19.5-14P(S),2062
245*70R19.5-14PR(D),2120
245/35R19,650
245/35R21,1000
245/35R21,710
245/35R21,720
245/35ZR19,650
245/35ZR20,690
245/40R 19,670
245/40R-18PR,730
245/40R18,730
245/40R19.5-14PR(S),2240
245/40ZR/18,670
245/40ZR/18,730
245/40ZR17,690
245/40ZR20,775
245/45/R17,775
245/45R18,750
245/45R20,875
245/45ZR19,850
245/50R18,800
245/50R20,850
245/60R18,900
245/65R17,1090
245/70PR19.5-16PR(D),2200
245/70PR19.5-18PR(D),2650
245/70R-14PR(S),1995
245/70R-14PR(S),2060
245/70R-19.5-14PR(D),2120
245/70R-19.5-14PR(S),2060
245/70R-19.5-18PR(S),2750
245/70R-19.5-19PR(D),2650
245/70R×19.5-14PR(S),2060
245/70R16,975
245/70R16.5-14PR(D),2120
245/70R17.5-18PR(D),2575
245/70R19.5,2750
245/70R19.5--16PR(D),2120
245/70R19.5-14(S),2240
245/70R19.5-14P(D),2120
245/70R19.5-14PR(D),1860
245/70R19.5-14PR(D),1950
245/70R19.5-14PR(D),1980
245/70R19.5-14PR(D),1984
245/70R19.5-14PR(D),1985
245/70R19.5-14PR(D),2060
245/70R19.5-14PR(D),2102
245/70R19.5-14PR(D),2120
245/70R19.5-14PR(D),2180
245/70R19.5-14PR(D),2200
245/70R19.5-14PR(D),2210
245/70R19.5-14PR(D),2240
245/70R19.5-14PR(D),2575
245/70R19.5-14PR(D),3000
245/70R19.5-14PR(D),2360
245/70R19.5-14PR(D),3350
245/70R19.5-14PR(D),2650
245/70R19.5-14PR(D),2725
245/70R19.5-14PR(D)),1985
245/70R19.5-14PR(S),1225
245/70R19.5-14PR(S),1985
245/70R19.5-14PR(S),2060
245/70R19.5-14PR(S),2061
245/70R19.5-14PR(S),2062
245/70R19.5-14PR(S),2063
245/70R19.5-14PR(S),2120
245/70R19.5-14PR(S),2180
245/70R19.5-14PR(S),2200
245/70R19.5-14PR(S),2240
245/70R19.5-14PR(S),2300
245/70R19.5-14PR(S),2400
245/70R19.5-14PR(S),2500
245/70R19.5-14PR(S),2575
245/70R19.5-14PR(S),2725
245/70R19.5-14PR(S),2730
245/70R19.5-14PR(S),2885
245/70R19.5-14PR(S),2750
245/70R19.5-14PRR(D),1985
245/70R19.5-14PS(D),1985
245/70R19.5-14PS(S),2060
245/70R19.5-14R(D),1985
245/70R19.5-14R(D),2120
245/70R19.5-14R(S),2240
245/70R19.5-16PR(D),1984
245/70R19.5-16PR(D),1985
245/70R19.5-16PR(D),2025
245/70R19.5-16PR(D),2058
245/70R19.5-16PR(D),2060
245/70R19.5-16PR(D),2120
245/70R19.5-16PR(D),2180
245/70R19.5-16PR(D),2200
245/70R19.5-16PR(D),2300
245/70R19.5-16PR(D),2575
245/70R19.5-16PR(D),2240
245/70R19.5-16PR(S),2060
245/70R19.5-16PR(S),2145
245/70R19.5-16PR(S),2179
245/70R19.5-16PR(S),2180
245/70R19.5-16PR(S),2200
245/70R19.5-16PR(S),2240
245/70R19.5-16PR(S),2300
245/70R19.5-17PR(S),2240
245/70R19.5-18[R(S),2725
245/70R19.5-18P(D),2575
245/70R19.5-18P(S),2725
245/70R19.5-18PR(D),1660
245/70R19.5-18PR(D),2120
245/70R19.5-18PR(D),2200
245/70R19.5-18PR(D),2500
245/70R19.5-18PR(D),2570
245/70R19.5-18PR(D),2575
245/70R19.5-18PR(D),2625
245/70R19.5-18PR(D),2650
245/70R19.5-18PR(D),2725
245/70R19.5-18PR(S),2360
245/70R19.5-18PR(S),2500
245/70R19.5-18PR(S),2575
245/70R19.5-18PR(S),2725
245/70R19.5-18PR(S),2750
245/70R19.5-18PR(S),2800
245/70R19.5-18PR(S),2350
245/70R19.5-5-14PR(D),1985
245/70R19.5-5-14PR(S),2060
245/70R19.5.-14PR(D),2120
245/70R19.5(D),1984
245/70R19.5(D),1985
245/70R19.5(D),2120
245/70R19.5(D),2180
245/70R19.5(D),2500
245/70R19.5(D),2575
245/70R19.5(D),2650
245/70R19.5(S),2060
245/70R19.5(S),2062
245/70R19.5(S),2240
245/70R19.5(S),2750
245/70R19.5/14PR(S),2060
245/70R19.5×14PR(S),2060
245/70R19.514P(D),1985
245/70R19.514P(S),2060
245/70R19.514PR(D),1950
245/70R19.514PR(D),1985
245/70R19.514PR(D),2120
245/70R19.514PR(S),2060
245/70R19.514PR(S),2240
245/70R19.516PR(D),2120
245/70R19.516PR(D),2200
245/70R19.516PR(S),2240
245/70R19.518PR(D),2575
245/70R19.8-14PR(D),1980
245/70R19.8-14PR(D),1984
245/70R193.5-14PR(D),1950
245/70R193.5-14PR(S),2060
245/70R22.5-18PR(D),2575
245/70R79.518PR(W),2650
245/70R9.5-14PR(D),2120
245/740R19.5-14PR(S),2240
245/75R-19.5(S),2750
245/75R16,1380
245/75R19.5-14PR(D),1984
245/75R19.5-14PR(S),2240
245/75R22.514PR(D),1950
245/75R22.514PR(S),2120
245/7R019.5-14PR(D),2120
245870R19.5-14PR(D),1985
245R/70R19.5-14PR(S),2060
245R19.5-14PR(D),2120
245R70R19.5-14PR(D),2120
25/55R17,730
255/35ZR19,800
255/40ZR17,750
255/40ZR19,800
255/45R18,775
255/45R20,825
255/50R19,875
255/50R20,925
255/50ZR17,750
255/55R18,925
255/60R18,1120
255/60R18,1000
255/65R16,1030
255/65R17,1060
255/65R18,1090
255/70R15,1000
255/70R15,990
255/70R16,1090
255/70R17,1090
255/70R18,1150
255/70R22.5-16PR(S),2500
255/75R17,1090
255/80R22.518PR,3750
265 70 17,1320
265-70R 19.5(D),2360
265/30R19,650
265/30ZR19,650
265/35R18,730
265/35R21,825
265/35ZR22,750
265/40R22,950
265/50R20,1090
265/60R18,1150
265/60R18,1060
265/60R18(S),1150
265/65R17,1120
265/65R17 LT,1120
265/7019.5-16PR(D),2580
265/70R-19.5-18PR(D),2575
265/70R-19.5-18PR(S),2725
265/70R/17,1215
265/70R×19.5-18PR(D),2575
265/70R15,1120
265/70R16,1120
265/70R17,1120
265/70R19.5-14PR(D),2120
265/70R19.5-14PR(D),2306
265/70R19.5-14PR(D),2360
265/70R19.5-14PR(D),2500
265/70R19.5-14PR(S),2240
265/70R19.5-14PR(S),2360
265/70R19.5-14PR(S),2500
265/70R19.5-14PR(S),2725
265/70R19.5-16PR(D),2360
265/70R19.5-16PR(S),2500
265/70R19.5-18PR(D),2360
265/70R19.5-18PR(D),2500
265/70R19.5-18PR(D),2530
265/70R19.5-18PR(D),2575
265/70R19.5-18PR(D),2576
265/70R19.5-18PR(D),2725
265/70R19.5-18PR(D),2730
265/70R19.5-18PR(D),2650
265/70R19.5-18PR(S),2500
265/70R19.5-18PR(S),2575
265/70R19.5-18PR(S),2725
265/70R19.5-18PR(S),2730
265/70R19.5-18PR(S),2790
265/70R19.5-18PR(S),2800
265/70R19.5-18PR(S),2750
265/70R19.5-19PR(D),2575
265/70R19.5-19PR(S),2725
265/70R19.5(D),2120
265/70R19.5(D),2360
265/70R19.5(D),2650
265/70R19.5(S),2500
265/70R19.5(S),2800
265/75R16,1250
265/75R22.514PR(D),2180
265/75R22.514PR(S),2360
26570R19.5-18PR(D),2575
265ATM75R16,1180
265R-70PR15(S),1055
266/70R19.5-18PR(D),2575
266/70R19.5-18PR(S),2725
275 70 17,1320
275-70R22.5(S)-16R,3150
275/30R19,710
275/30ZR20,735
275/35R19(S),800
275/35R20,850
275/35ZR19,800
275/40R17,750
275/40ZR19,925
275/45R18,875
275/45R20(S),1060
275/45R22,1120
275/50R20,1150
275/55R20(S),1285
275/60R/17(S),1060
275/60R20,1320
275/65R18,1320
275/70R-22.5(D),2900
275/70R18,1000
275/70R19.5-14PR(D),2120
275/70R19.5-14PR(S),2500
275/70R22.5-16PR(D),2900
275/70R22.5-16PR(D),3150
275/70R22.5-16PR(D),2725
275/70R22.5-16PR(S),3150
275/70R22.5-18PR(D),2900
275/70R22.5-18PR(S),3150
275/70R22.5-18PR(S),3350
275/70R22.5(D),2900
275/80R22.5-16PR(S),3150
275/80R22.5-16PR(S),3250
275/80R22.514PR(D),2725
275/80R22.514PR(S),3000
275/80R22.516PR(D),2800
275/80R22.516PR(S),3150
275/80R22.5PR(S),3150
27X8.50R14LT,825
27X8.5R14-8,825
285-70R-19.5(D),3150
285-70R-19.5(S),3350
285/30ZR19,750
285/35ZR19,875
285/40R15,545
285/45R22,1180
285/55R20,1285
285/65R17,1250
285/65R18,1450
285/70R/17,1450
285/70R17,1485
285/70R17,1450
285/70R17,1250
285/70R18,1350
285/70R19.5-16PR(D),2800
285/70R19.5-16PR(S),3000
285/70R19.5-18PR(S),3350
285/70R19.5(S),3000
285/75R16,1350
285/75R17,1350
285/75R24.512PR(D),2360
285/75R24.512PR(S),2575
285/75R24.514PR(D),2575
285/75R24.514PR(S),2800
28x8.50 15LT-8pr(s),850
28x8.50R/15LT,1020
28x8.50R/15LT(D),1020
28X8.50R15LT,850
28X8.50R15LT-8PR,850
28X8.5R15LT-8P,850
28X8.5R15LT-8P,950
28X8.5R15LT-8PR(D),950
28X8.5R15LT-8PR(S),850
28X8.5R15LT-8PR(S),950
28X850R15LT-8PR,850
295/30R18,750
295/30ZR20,825
295/60R20,1750
295/70R17,1449
295/75R22.512PR(D),2300
295/75R22.512PR(S),2500
295/75R22.514PR(D),2575
295/75R22.514PR(S),2800
295/80R-22.5-16PR(D),3150
295/80R22.5-16(D),3150
295/80R22.5-16PR(D),3150
295/80R22.5-16PR(D),3250
295/80R22.5-16PR(S),3350
295/80R22.5-16PR(S),3550
295/80R22.5-16PR(S),3750
295/80R22.5-18PR(D),3150
295/80R22.5-18PR(S),3550
295/80R22.5-18PR(S),3750
295/80R22.5-18PR(S),3250
295/80R22.5(S),3550
295/80R22.514PR(D),2725
295/80R22.514PR(S),3000
295/80R22.516PR(D),3000
295/80R22.516PR(S),3250
295/80R22.518PR(D),3075
295/80R22.518PR(S),3550
295/80R22.518PR(S),3750
305/30R19,850
305/35R20,1650
305/45R22,1320
305/50R20,1450
305/65R17,1450
305/85R22.5-18P(D),3250
305/85R22.5-18P(S),3650
305/85R22.5-18PR(S),3560
305/85R22.5-18PR(S),3650
30X9.50R15,950
31 X 10.50R 15LT,1030
315/12R22.5-16P(D),3075
315/50R22.5-20PR(S),4080
315/60R22.5-16PR(D),3150
315/60R22.5-16PR(S),3550
315/60R22.5(D),3150
315/60R22.5(S),3550
315/65R22.5-20PR(S),4080
315/70R17,1450
315/70R22.5-18PR(S),3750
315/70R22.5-20PR(D),3350
315/70R22.5-20PR(S),4000
315/75R16-10PR,1600
315/75R22.514PR(D),3350
315/75R22.514PR(S),3750
315/80-R22.5-18P(S),3750
315/80-R22.5-18PR(S),3750
315/8022.5-20PR(S),4250
315/80R-22.5-20PR(S),4080
315/80R22.45-18PR(S),3750
315/80R22.5-16PR(D),3075
315/80R22.5-16PR(S),4080
315/80R22.5-18PR(D),3350
315/80R22.5-18PR(D),3450
315/80R22.5-18PR(D),3750
315/80R22.5-18PR(S),3150
315/80R22.5-18PR(S),3450
315/80R22.5-18PR(S),3715
315/80R22.5-18PR(S),3750
315/80R22.5-18PR(S),3751
315/80R22.5-18PR(S),3755
315/80R22.5-18PR(S),4000
315/80R22.5-18PR(S),4080
315/80R22.5-18PR(S),4082
315/80R22.5-18PR(S).,3750
315/80R22.5-18R(S),3750
315/80R22.5-19PR(D),3350
315/80R22.5-19PR(S),3750
315/80R22.5-20(S),4080
315/80R22.5-20PR,3750
315/80R22.5-20PR(D),3745
315/80R22.5-20PR(D),4080
315/80R22.5-20PR(D),3750
315/80R22.5-20PR(S),3550
315/80R22.5-20PR(S),3745
315/80R22.5-20PR(S),3750
315/80R22.5-20PR(S),4000
315/80R22.5-20PR(S),4060
315/80R22.5-20PR(S),4077
315/80R22.5-20PR(S),4080
315/80R22.5-20PR(S),4082
315/80R22.5-20PR(S),4500
315/80R22.5-20PR(S),4625
315/80R22.5-20PR(S),4125
315/80R22.5-5PR(D),3350
"315/80R22.5,20PR(S)",4082
315/80R22.5(D),3750
315/80R22.5(S),3751
315/80R22.5(S),4080
315/80R22.5(S),4125
315/80R22.518PR(D),3450
315/80R22.518PR(S),3750
315/80R22.520PR(D),3650
315/80R22.520PR(S),4000
315/80R22.520PR(S),4080
315/80R22.520PR(S),4082
315/80R22.5PR20(S),8600
315/80R22.8-18PR(D),3350
315/80R22.8-18PR(S),3750
315/R22.5-20PR(S),4082
31580R22.5-20PR(S),4080
315R80R22.5-20PR(S),4080
318/80R22.5-20PR(S),4125
31X10.50R15LT,850
325/50R22,1250
325/55R22,1450
325/60R20,1310
32X11.50R-15LT(S),1000
32X11.50R15LT,1150
33X10.50R15,1400
33X12.50R 15LT-6PR,1000
33X12.50R15,950
33X12.50R15LT,1000
33X12.50R17,1200
33x12.50R17LT,1180
33X12.50R17LT,1400
33X12.50R18,1450
33X12.50R18,1320
33X12.50R18LT,1320
33X12.5R22LT-10PR,1030
33X2.50R22LT,1030
343/85R17,1950
345/35ZR15,690
345/45R24,1399
345/75R17,1950
35 15.50R 24LT,1285
35X11.50R-15LT,1500
35X12.502R22,1285
35X12.50R15,1160
35X12.50R17,1449
35X12.50R18LT,1549
35X12.50R20,1450
35X12.50R20,1449
35X12.50R20LT(S),1650
35X12.50R22MT,1450
35X12.50R24,1180
35X12.5R15,1150
35X12.5R17,1450
35X12.5R17,1650
35X12.5R18,1550
35X12.5R20,1450
35X12.5R22,1285
35X13.50R20,1580
35X13.5R24,1600
35X14.50R15,1450
35X15.50R15,1450
365/70R22.5-20PR(S),4750
365/80R20,3550
365/80R2020PR(S),4500
365/85R20-XZL(D),5000
365/85R20-XZL(S),5000
365/85R20(S),4600
375/80R22.5-18PR(S),3750
37x12.50 R20/LT,1598
37X12.50R17LT,1600
37X12.50R22,1750
37x12.50xR20/LT,1598
37X12.5R17,1450
37X12.5R17,1600
37X12.5R17,1950
37X12.5R18,1550
37X12.5R20,1450
37X12.5R20,1700
37X12.5R22,1750
37X13.50R20,1800
37X13.50R22LT,1800
37X13.5R17,1450
37X13.5R17,1950
37X13.5R22,1550
385/55R22.5(S),4500
385/65R22.5-18(S),4250
385/65R22.5-18PR(S),4250
385/65R22.5-18PR(S),4259
385/65R22.5-20PR(S),4500
385/65R22.5-22.5PR(S),4750
385/65R22.5-22PR(D),4750
385/65R22.5-22PR(S),3150
385/65R22.5-22PR(S),4080
385/65R22.5-22PR(S),4500
385/65R22.5-22PR(S),4750
385/65R22.5-24PR(D),5000
385/65R22.5-24PR(S),5000
385/65R22.5(S),4250
385/65R22.518PR(S),4250
385/65R22.518PR(S),4255
385/65R22.5PR(S),4250
38X12.50R15,1000
38X12.50R17,1600
38X13.50R17,1750
38X13.5R20,1750
38X15.50R24,1800
38X15.50R24,1900
38X15.50R26,1900
38X15.5R22,1600
38X15.5R24,1800
39.5X13.5R17,1650
395/85R20PR,4625
39X13.5R17,1450
4.50-12-4PRULT(D),295
4.50-12-4PRULT(S),310
4.50-12-6PRULT(D),340
4.50-12-6PRULT(S),355
4.50-12-8PRULT(D),395
4.50-12-8PRULT(S),415
40/15.5R26,1800
40x13.50R17LT,1215
40X13.50R20,1700
40x13.50xR17LT,1449
40X13.5R17,1450
40X15.50R24LT,1800
40X15.50R26,1950
40X15.5R20,1800
40X15.5R24,3970
40X15.5R24,1800
40X15.5R26,1750
425/65R22.5-20PR(D),5171
425/65R22.518PR(S),4750
425/65R22.518PR(S),5150
42X13.50R17,1600
42X13.5R20,1600
42X15.50R26,1600
445/65R22.5-20PR(D),5600
445/65R22.520PR(S),5600
5.00-10-4PRULT(D),305
5.00-10-4PRULT(S),325
5.00-10-6PRULT(D),350
5.00-10-6PRULT(S),370
5.00-10-8PRULT(D),410
5.00-10-8PRULT(S),430
5.00-12-4PRULT(D),345
5.00-12-4PRULT(S),360
5.00-12-6PR(D),485
5.00-12-6PR(S),415
5.00-12-6PRULT(D),395
5.00-12-6PRULT(S),415
5.00-12-8PR(D),430
5.00-12-8PR(D),465
5.00-12-8PR(D),500
5.00-12-8PR(D),950
5.00-12-8PR(S),485
5.00-12-8PRULT(D),465
5.00-12-8PRULT(S),485
5.00-12-9PR(D),465
5.00-12C-8PR(D),530
5.00-13-4PRLT(D),365
5.00-13-4PRLT(S),380
5.00-13-6PRLT(D),435
5.00-13-6PRLT(S),460
5.00-13-8PR(D),510
5.00-13-8PR(D),515
5.00-13-8PRLT(D),510
5.00-13-8PRLT(S),535
5.00-R12-8P(D),465
5.00×13-8PR(D),515
5.0012-8PR(D),465
5.00R-12-8PR(D),465
5.00R/12-8PR(D),465
5.00R12-10PR(D),530
5.00R12-8PR(D),465
5.00R12-8PR(D),475
5.00R12-8PR(D),485
5.00R12-8PR(D),850
5.00R12-8PR(D),950
5.00R12-LT-86P,560
5.00R12<C>-8PR(D),465
5.00R12<C>-8PR(D),495
5.00R12LT-8PR(D),465
5.00X12-8PR(D),465
5.00X12-8PR(D),515
5.50-13-6PRLT(D),495
5.50-13-6PRLT(S),520
5.50-13-8PR(D),580
5.50-13-8PR(D),585
5.50-13-8PR(D),980
5.50-13-8PRLT(D),580
5.50-13-8PRLT(S),610
5.50-14-6PRLT(D),520
5.50-14-6PRLT(S),545
5.50-14-8PRLT(D),610
5.50-14-8PRLT(S),645
5.50R-13-8PR(D),585
5.50R12-8PR(D),465
5.50R12-8PR(D),475
5.50R13-10PR(D),640
5.50R13-10PR(D),690
5.50R13-12PR(D),690
5.50R13-8PR,585
5.50R13-8PR(D),578
5.50R13-8PR(D),580
5.50R13-8PR(D),585
5.50R13-8PRLT(D),580
5.50R13-8PRLT(S),610
5.50R13-LP/10PR(D),690
5.50R13-LP10PR,690
5.50R13LP-10PR(D),690
5.50R13LP10PR,690
5.50R13LT,720
5.50R13LT-10PR,550
5.50R13LT-10PR(D),690
5.50R13LT10PR(D),650
5.50R14-8PRLT(D),610
5.50R14-8PRLT(S),645
5.50R16-8PR(D),580
5.5R-13LT-8PR(D),580
5.5R12LT-10PR,560
5.5R13-8PR(D),580
5.5R13C-8PR(D),580
5.5R13LT-10PR(D),640
550R13-10PR(D),650
6.00-13-4PRLT(D),485
6.00-13-4PRLT(S),510
6.00-13-6PRLT(D),580
6.00-13-6PRLT(S),610
6.00-13-8PR(D),675
6.00-13-8PRLT(D),675
6.00-13-8PRLT(S),710
6.00-14-10PRLT(D),780
6.00-14-10PRLT(S),825
6.00-14-12PRLT(D),845
6.00-14-12PRLT(S),895
6.00-14-6PRLT(D),610
6.00-14-6PRLT(S),640
6.00-14-8PRLT(D),710
6.00-14-8PRLT(S),750
6.00-15-6PRLT(D),640
6.00-15-6PRLT(S),670
6.00-15-8PRLT(D),745
6.00-15-8PRLT(S),780
6.00-16-10PRLT(D),855
6.00-16-10PRLT(S),990
6.00-16-6PRLT(D),670
6.00-16-6PRLT(S),705
6.00-16-8PRLT(D),780
6.00-16-8PRLT(S),820
6.00R13-8PRLT(D),675
6.00R13-8PRLT(S),710
6.00R14-8PRLT(D),710
6.00R14-8PRLT(S),750
6.00R15-8PRLT(D),745
6.00R15-8PRLT(S),780
6.00R16-8PRLT(D),780
6.00R16-8PRLT(S),820
6.5-14-8PR(S),840
6.50-13-6PRLT(D),650
6.50-13-6PRLT(S),680
6.50-13-8PRLT(D),760
6.50-13-8PRLT(S),800
6.50-14-10PR(S),911
6.50-14-10PR(S),912
6.50-14-10PR(S),913
6.50-14-10PR(S),920
6.50-14-10PRLT(D),875
6.50-14-10PRLT(S),920
6.50-14-12PR(S),1065
6.50-14-12PRLT(D),950
6.50-14-12PRLT(S),1000
6.50-14-6PRLT(D),680
6.50-14-6PRLT(S),715
6.50-14-8PR(S),800
6.50-14-8PR(S),840
6.50-14-8PRLT(D),795
6.50-14-8PRLT(S),840
6.50-15-10PRLT(D),920
6.50-15-10PRLT(S),970
6.50-15-6PR(S),750
6.50-15-6PRLT(D),715
6.50-15-6PRLT(S),750
6.50-15-8PRLT(D),835
6.50-15-8PRLT(S),875
6.50-16-10PR(D),960
6.50-16-10PR(S),980
6.50-16-10PR(S),1010
6.50-16-10PR(S),1598
6.50-16-10PRLT(D),960
6.50-16-10PRLT(S),1010
6.50-16-12PRLT(D),1040
6.50-16-12PRLT(S),1095
6.50-16-6PRLT(D),745
6.50-16-6PRLT(S),785
6.50-16-8PR(S),920
6.50-16-8PRLT(D),870
6.50-16-8PRLT(S),920
6.50R-14LT(D),1755
6.50R-14LT(S),1850
6.50R-16-10PR(S),980
6.50R15 10PR,975
6.50R15 10PR,925
6.50R15-10PR(S),975
6.50R15-10PRLT(D),920
6.50R15-10PRLT(S),970
6.50R15-8PRLT(D),835
6.50R15-8PRLT(S),875
6.50R15LT(D),975
6.50R15LT(S),975
6.50R16-10PR(D),675
6.50R16-10PR(S),950
6.50R16-10PR(S),980
6.50R16-10PR(S),982
6.50R16-10PR(S),1000
6.50R16-10PRLT(D),960
6.50R16-10PRLT(S),1010
6.50R16-12PR(D),1030
6.50R16-12PR(S),1090
6.50R16-8PRLT(D),870
6.50R16-8PRLT(S),920
6.5R15-10PR(D),975
6.5R15-10PR(S),975
6.5R15LT-10PR(S),975
6.5R15LT(S),975
6.5R16-10PR(S),980
6.70-14-8PR(S),825
6.70R14-10PR(D),875
6.70R14-10PR(S),850
6.70R14-10PR(S),875
6.70R14-8PR(D),580
6.70R14-8PR(S),825
6.70R14-8PR(S),850
6.70R14-8PR(S),980
6.70R14LT(D),775
6.70R14LT(S),825
6.7R14-10PR(D),875
6.7R14-10PR(S),875
6.7R14-8PR(S),825
7.00-14-10PRLT(D),705
7.00-14-10PRLT(S),805
7.00-14-6PRLT(D),525
7.00-14-6PRLT(S),595
7.00-14-8PRLT(D),620
7.00-14-8PRLT(S),705
7.00-15-10PR(S),1080
7.00-15-10PRLT(D),1030
7.00-15-10PRLT(S),1080
7.00-15-12PR(S),1180
7.00-15-12PRLT(D),1120
7.00-15-12PRLT(S),1180
7.00-15-6PRLT(D),800
7.00-15-6PRLT(S),840
7.00-15-8PRLT(D),935
7.00-15-8PRLT(S),980
7.00-16-10PR(D),760
7.00-16-10PR(D),965
7.00-16-10PR(D),966
7.00-16-10PR(D),1075
7.00-16-10PR(D),1080
7.00-16-10PR(D),1120
7.00-16-10PR(S),1100
7.00-16-10PR(S),1130
7.00-16-10PR(S),1150
7.00-16-10PRLT(D),1075
7.00-16-10PRLT(S),1130
7.00-16-12PR(D),965
7.00-16-12PR(D),1075
7.00-16-12PR(D),1080
7.00-16-12PR(D),1110
7.00-16-12PR(D),1170
7.00-16-12PR(D),1250
7.00-16-12PR(S),1120
7.00-16-12PR(S),1130
7.00-16-12PR(S),1165
7.00-16-12PR(S),1220
7.00-16-12PR(S),1224
7.00-16-12PR(S),1225
7.00-16-12PR(S),1230
7.00-16-12PR(S),1285
7.00-16-12PR(S),1410
7.00-16-12PRLT(D),1170
7.00-16-12PRLT(S),1230
7.00-16-6PRLT(D),840
7.00-16-6PRLT(S),880
7.00-16-8PRLT(D),980
7.00-16-8PRLT(S),1025
7.00-16LT-10PR(D),1120
7.00-16LT-12PR(D),1080
7.00-16LT-12PR(D),1250
7.00-16LT-12PR(S),1225
7.00-16LT-12PR(S),1285
7.00-16LT(D),1080
7.00-20-10PR(D),1285
7.00-20-10PR(S),1350
7.00-20-8PR(D),1145
7.00-20-8PR(S),1200
7.00-R16-10PR(D),1120
7.00-R16-10PR(S),1150
7.00R-16-10PR(D),1075
7.00R-16-10PR(D),1120
7.00R-16-10PR(S),1102
7.00R-16-10PR(S),1130
7.00R-16-10PR(S),1150
7.00R-16-12PR(D),1075
7.00R-16-12PR(D),1077
7.00R-16-12PR(D),1080
7.00R-16-12PR(D),1170
7.00R-16-12PR(D),1250
7.00R-16-12PR(S),1225
7.00R-16-12PR(S),1285
7.00R15-10PRLT(D),1030
7.00R15-10PRLT(S),1080
7.00R15-12PRLT(D),1120
7.00R15-12PRLT(S),1180
7.00R15-8PRLT(D),935
7.00R15-8PRLT(S),980
7.00R16,930
7.00R16 LT,1230
7.00R16-10PR(D),980
7.00R16-10PR(D),996
7.00R16-10PR(D),1075
7.00R16-10PR(D),1120
7.00R16-10PR(D),1250
7.00R16-10PR(D),1150
7.00R16-10PR(S),1100
7.00R16-10PR(S),1130
7.00R16-10PR(S),1150
7.00R16-10PR(S),1160
7.00R16-10PR(S),1225
7.00R16-10PR(S),1285
7.00R16-10PRLT(D),1075
7.00R16-10PRLT(S),1130
7.00R16-12PR(D),1050
7.00R16-12PR(D),1075
7.00R16-12PR(D),1170
7.00R16-12PR(D),1225
7.00R16-12PR(D),1250
7.00R16-12PR(D),1285
7.00R16-12PR(D),1370
7.00R16-12PR(D),1500
7.00R16-12PR(S),1130
7.00R16-12PR(S),1225
7.00R16-12PR(S),1230
7.00R16-12PR(S),1285
7.00R16-12PR(S),1600
7.00R16-12PRLT(D),1170
7.00R16-12PRLT(S),1230
7.00R16-8PRLT(D),980
7.00R16-8PRLT(S),1025
7.00R1610PR(D),1500
7.00R1610PR(S),1600
7.00R16LT-10PR(D),1120
7.00R16LT-10PR(S),1150
7.00R16LT-12PR(D),1250
7.00R16LT-12PR(S),1285
7.00R16LT-12PR(S),1286
7.00R20-10PR(D),1150
7.00R20-10PR(S),1150
7.00R20-12PR(S),1285
7.0R16-10PR(D),1100
7.0R16-12PR(D),1075
7.0R16-12PR(D),1250
7.0R16-12PR(S),1285
7.0R16-14PR(D),1450
7.0R16LT-10PR(D),1120
7.0R16LT(D),1120
7.0R16LT(S),1150
7.0R19.5-16PR(S),2240
7.0R19.5-16PR20(D),2120
7.5-16-12PR(S),1440
7.5-16LT-12PR(S),1437
7.50-15-10PRLT(D),1215
7.50-15-10PRLT(S),1280
7.50-15-12PRLT(D),1315
7.50-15-12PRLT(S),1385
7.50-15-14PRLT(D),1375
7.50-15-14PRLT(S),1450
7.50-15-6PRLT(D),915
7.50-15-6PRLT(S),965
7.50-15-8PRLT(D),1075
7.50-15-8PRLT(S),1125
7.50-16-10PRLT(D),1265
7.50-16-10PRLT(S),1330
7.50-16-12PR(D),1235
7.50-16-12PR(D),1238
7.50-16-12PR(D),1370
7.50-16-12PR(D),1420
7.50-16-12PR(D),1440
7.50-16-12PR(D),1460
7.50-16-12PR(S),1370
7.50-16-12PR(S),1410
7.50-16-12PR(S),1438
7.50-16-12PR(S),1440
7.50-16-12PR(S),1620
7.50-16-12PRLT(D),1370
7.50-16-12PRLT(S),1440
7.50-16-14PR(D),1310
7.50-16-14PR(D),1350
7.50-16-14PR(D),1352
7.50-16-14PR(D),1440
7.50-16-14PR(S),1490
7.50-16-14PR(S),1500
7.50-16-14PR(S),1510
7.50-16-14PR(S),1535
7.50-16-14PRLT(D),1440
7.50-16-14PRLT(S),1510
7.50-16-16PR(D),1420
7.50-16-16PR(D),1460
7.50-16-16PR(D),1510
7.50-16-16PR(D),1615
7.50-16-16PR(D),1660
7.50-16-16PR(S),1580
7.50-16-16PR(S),1615
7.50-16-16PR(S),1620
7.50-16-16PR(S),1660
7.50-16-16PR(S),1680
7.50-16-16PRF(D),1460
7.50-16-16PRLT(D),1510
7.50-16-16PRLT(S),1580
7.50-16-18PR(S),1660
7.50-16-6PRLT(D),960
7.50-16-6PRLT(S),1010
7.50-16-8PRLT(D),1120
7.50-16-8PRLT(S),1175
7.50-16LT-12PR(D),1235
7.50-16LT-12PR(D),1369
7.50-16LT-12PR(S),1410
7.50-17-10PR(D),1265
7.50-17-10PR(S),1345
7.50-17-12PR(D),1440
7.50-17-12PR(S),1535
7.50-17-8PR(D),1110
7.50-17-8PR(S),1180
7.50-18-10PR(D),1450
7.50-18-10PR(S),1500
7.50-18-12PR(D),1550
7.50-18-12PR(S),1650
7.50-18-14PR(D),1650
7.50-18-14PR(S),1750
7.50-18-16PR(D),1810
7.50-20-10PR(D),1500
7.50-20-10PR(S),1575
7.50-20-12PR(D),1650
7.50-20-12PR(S),1735
7.50-20-14PR(D),1720
7.50-20-14PR(S),1805
7.50-20-8PR(D),1345
7.50-20-8PR(S),1410
7.50/R16-14PR(D),1440
7.50/R16-14PR(D),1450
7.50/R16-16PR(S),1580
7.50R-16-12PR(S),1400
7.50R-16-14PR(D),1450
7.50R-16-14PR(S),1500
7.50R-16-16PR(S),1680
7.50R-16LT-14PR(D),1440
7.50R-16LT-14PR(D),1450
7.50R-16LT-14PR(S),1500
7.50R-16LT-14PR(S),1510
7.50R15-10PRLT(D),1215
7.50R15-10PRLT(S),1280
7.50R15-12PRLT(D),1315
7.50R15-12PRLT(S),1385
7.50R15-14PRLT(D),1375
7.50R15-14PRLT(S),1450
7.50R15-8PRLT(D),1075
7.50R15-8PRLT(S),1125
7.50R16-10PRLT(D),1265
7.50R16-10PRLT(S),1330
7.50R16-12PR(D),1250
7.50R16-12PR(D),1370
7.50R16-12PR(D),1400
7.50R16-12PR(D),1440
7.50R16-12PR(S),1285
7.50R16-12PR(S),1440
7.50R16-12PR(S),1450
7.50R16-12PRLT(D),1370
7.50R16-12PRLT(S),1440
7.50R16-14PR(D),1310
7.50R16-14PR(D),1370
7.50R16-14PR(D),1440
7.50R16-14PR(D),1450
7.50R16-14PR(D),1500
7.50R16-14PR(S),1490
7.50R16-14PR(S),1500
7.50R16-14PR(S),1510
7.50R16-14PRLT(D),1440
7.50R16-14PRLT(S),1510
7.50R16-16PR(D),1460
7.50R16-16PR(D),1510
7.50R16-16PR(S),1580
7.50R16-16PR(S),1660
7.50R16-16PR(S),1680
7.50R16-8PRLT(D),1120
7.50R16-8PRLT(S),1175
7.50R16LT-12PR(D),1370
7.50R16LT-12PR(S),1440
7.50R16LT-16PR(D),1510
7.50R16LT-16PR(S),1680
7.50R17.5-12PR(D),1400
7.50R18-12PR(D),1550
7.50R18-12PR(S),1650
7.50R18-14PR(D),1650
7.50R18-14PR(S),1750
7.50R20-12PR(D),1700
7.50R20-12PR(S),1800
7.5R16-12PR(D),1370
7.5R16-12PR(S),1400
7.5R16-12PR(S),1440
7.5R16-14PR(D),1400
7.5R16-14PR(D),1440
7.5R16-14PR(D),1450
7.5R16-14PR(S),1500
7.5R16-16PR(S),1580
7.5R16-16PR(S),1680
7.5R16LT-10PR(S),1150
7.5R16LT-12PR(S),1400
7.5R16LT-14PR(D),1440
7.5R16LT-14PR(S),1510
7.5R16LT12PR(D),1370
7.5R16LT14PR(D),1450
7.5R16LT14PR(S),1500
7.5R16LT16PR(D),1460
7.5R16LT16PR(S),1660
7.5R17.5-12PR(D),1750
7.5R17.5-12PR(S),1850
70R19.5-14PR(D),2120
70R19.5-14PR(S),2240
8.00-16.5LT10PR(D),930
8.00-16.5LT10PR(S),1055
8.00-16.5LT12PR(D),1035
8.00-16.5LT12PR(S),1175
8.00-16.5LT6PR(D),690
8.00-16.5LT6PR(S),785
8.00-16.5LT8PR(D),815
8.00-16.5LT8PR(S),925
8.00R16.5LT10PR(D),930
8.00R16.5LT10PR(S),1055
8.00R16.5LT12PR(D),1035
8.00R16.5LT12PR(S),1175
8.00R16.5LT6PR(D),690
8.00R16.5LT6PR(S),785
8.00R16.5LT8PR(D),825
8.00R16.5LT8PR(S),925
8.25-15-10PR(D),1355
8.25-15-10PR(S),1420
8.25-15-12PR(D),1495
8.25-15-12PR(S),1570
8.25-15-14PR(D),1565
8.25-15-14PR(S),1645
8.25-15-16PR(D),1635
8.25-15-16PR(S),1715
8.25-16-10PRLT(D),1365
8.25-16-10PRLT(S),1430
8.25-16-12PRLT(D),1500
8.25-16-12PRLT(S),1575
8.25-16-14PRLT(D),1630
8.25-16-14PRLT(S),1710
8.25-16-16PR(D),1460
8.25-16-16PR(D),1640
8.25-16-16PR(S),1850
8.25-16-16PR(S),1860
8.25-16-16PRLT(D),1710
8.25-16-16PRLT(S),1795
8.25-16-18PR(D),1725
8.25-16-18PR(D),1728
8.25-16-18PR(D),1730
8.25-16-18PR(D),1755
8.25-16-18PR(D),1790
8.25-16-18PR(D),1791
8.25-16-18PR(D),1792
8.25-16-18PR(S),1814
8.25-16-18PR(S),1960
8.25-16-18PR(S),1964
8.25-16-18PR(S),1965
8.25-16-18PR(S),1995
8.25-16-18PR(S),1996
8.25-16-18PRLT(D),1790
8.25-16-18PRLT(S),1880
8.25-16-8PRLT(D),1220
8.25-16-8PRLT(S),1280
8.25-20-10PR(D),1670
8.25-20-10PR(S),1750
8.25-20-12PR(D),1845
8.25-20-12PR(S),1940
8.25-20-14PR(D),1930
8.25-20-14PR(S),2030
8.25/R16-16PR(S),1915
8.25R-16-16PR(D),1685
8.25R-16-16PR(S),1915
8.25R-16-18PR(D),1790
8.25R-16-18PR(S),1964
8.25R-16-18PR(S),1995
8.25R.16LT-18PR(D),1790
8.25R15TR18PR(S),5950
8.25R16-10PRLT(D),1365
8.25R16-10PRLT(S),1430
8.25R16-12PRLT(D),1500
8.25R16-12PRLT(S),1575
8.25R16-14PRLT(D),1630
8.25R16-14PRLT(S),1710
8.25R16-16PR(D),1614
8.25R16-16PR(D),1615
8.25R16-16PR(D),1685
8.25R16-16PR(D),1790
8.25R16-16PR(S),1835
8.25R16-16PR(S),1837
8.25R16-16PR(S),1860
8.25R16-16PR(S),1914
8.25R16-16PR(S),1915
8.25R16-16PR(S),1995
8.25R16-18PR(D),1755
8.25R16-18PR(D),1790
8.25R16-18PR(D),1791
8.25R16-18PR(D),1792
8.25R16-18PR(S),1995
8.25R16-18PR(S),1996
8.25R16-18PR(S),2000
8.25R16/16PR(D),1685
8.25R16LT(D),1790
8.25R17.5-18PR(D),1728
8.25R20-14PR(D),1930
8.25R20-14PR(S),2030
8.25X16-16PR(D),1640
8.25X16-16PR(S),1850
8.50R16-14PR(S),1500
8.50R17.5-12PR(D),1370
8.50R17.5-12PR(D),1380
8.50R17.5-12PR(D),1400
8.50R17.5-12PR(D),1401
8.50R17.5-12PR(D),1450
8.50R17.5-12PR(D),1460
8.50R17.5-12PR(D),3090
8.50R17.5-12PR(S),1450
8.50R17.5-12PR(S),1451
8.50R17.5-12PR(S),3200
8.5R-17.5-12PR(D),1400
8.5R16-16PR(D),1640
8.5R16-16PR(S),1860
8.5R17.5-12PR((D),1400
8.5R17.5-12PR((S),1450
8.5R17.5-12PR(D),140
8.5R17.5-12PR(D),1400
8.5R17.5-12PR(D),1401
8.5R17.5-12PR(D),1450
8.5R17.5-12PR(D),3000
8.5R17.5-12PR(D),3090
8.5R17.5-12PR(S),1450
8.5R17.5-12PR(S),1451
8.5R17.5-12PR(S),3200
8.5R17.5-16PR(S),1660
8.75-16.5LT10PR(D),1070
8.75-16.5LT10PR(S),1215
8.75-16.5LT12PR(D),1185
8.75-16.5LT12PR(S),1350
8.75-16.5LT6PR(D),795
8.75-16.5LT6PR(S),900
8.75-16.5LT8PR(D),935
8.75-16.5LT8PR(S),1065
8.75R16.5LT10PR(D),1070
8.75R16.5LT10PR(S),1215
8.75R16.5LT12PR(D),1185
8.75R16.5LT12PR(S),1350
8.75R16.5LT6PR(D),795
8.75R16.5LT6PR(S),900
8.75R16.5LT8PR(D),935
8.75R16.5LT8PR(S),1065
85R14LT102,850
8R17.5-10PR(D),1250
8R17.5-10PR(D),1252
8R17.5-10PR(S),1285
8R17.5-10PR(S),1286
9-156PRLT(S),895
9-158PRLT(S),1060
9-22.5-10PR(D),1670
9-22.5-10PR(S),1750
9-22.5-12PR(D),1845
9-22.5-12PR(S),1940
9-22.5-14PR(D),1930
9-22.5-14PR(S),2030
9-22.5-16PR(D),2010
9-22.5-16PR(S),2120
9.00-15-12PR(D),1795
9.00-15-12PR(S),1885
9.00-15-14PR(D),1875
9.00-15-14PR(S),1970
9.00-15-16PR(D),1955
9.00-15-16PR(S),2050
9.00-16-10PRLT(D),1550
9.00-16-10PRLT(S),1630
9.00-16-12PRLT(D),1705
9.00-16-12PRLT(S),1795
9.00-16-14PR(D),2245
9.00-16-14PR(S),2571
9.00-16-14PRLT(D),1850
9.00-16-14PRLT(S),1945
9.00-16-8PRLT(D),1385
9.00-16-8PRLT(S),1455
9.00-20-10PR(D),1930
9.00-20-10PR(S),2025
9.00-20-12PR(D),2145
9.00-20-12PR(S),2255
9.00-20-14PR(D),2250
9.00-20-14PR(D),2255
9.00-20-14PR(D),2300
9.00-20-14PR(S),2415
9.00-20-14PR(S),2570
9.00-20-16PR(D),2400
9.00-20-16PR(D),2445
9.00-20-16PR(D),2450
9.00-20-16PR(S),2515
9.00-20-16PR(S),2790
9.00-20-16PR(S),2795
9.00-20-16PR(S),3795
9.00-20-8PR(D),1695
9.00-20-8PR(S),1780
9.00R-20-14PR(S),2575
9.00R20-14PR(D),2254
9.00R20-14PR(D),2300
9.00R20-14PR(S),2415
9.00R20-14PR(S),2575
9.5-17.5-16PR(D),2575
9.5-17.5-16PR(S),2725
9.5-17.5-18PR(D),2575
9.5-17.5-18PR(S),2725
9.50-16.5LT10PR(D),1265
9.50-16.5LT10PR(S),1435
9.50-16.5LT6PR(D),940
9.50-16.5LT6PR(S),1065
9.50-16.5LT8PR(D),1110
9.50-16.5LT8PR(S),1260
9.50R16.5LT10PR(D),1265
9.50R16.5LT10PR(S),1435
9.50R16.5LT6PR(D),940
9.50R16.5LT6PR(S),1065
9.50R16.5LT8PR(D),1110
9.50R16.5LT8PR(S),1260
9.50R17.5-16PR(D),2575
9.50R17.5-16PR(S),2725
9.50R17.5-18PR(S),2725
9.5R-17.5-16PR(D),2120
9.5R-17.5-16PR(D),2575
9.5R-17.5-16PR(S),2240
9.5R-17.5-16PR(S),2725
9.5R-17.5-18PR(D),2575
9.5R-17.5(D),2575
9.5R/17.5-16PR(D),2525
9.5R/17.5-16PR(D),2575
9.5R/17.5-16PR(S),2725
9.5R17.5-12PR(S),1850
9.5R17.5-16PR(D),1750
9.5R17.5-16PR(D),1850
9.5R17.5-16PR(D),2118
9.5R17.5-16PR(D),2120
9.5R17.5-16PR(D),2575
9.5R17.5-16PR(D),2725
9.5R17.5-16PR(S),1850
9.5R17.5-16PR(S),1950
9.5R17.5-16PR(S),2240
9.5R17.5-16PR(S),2725
9.5R17.5-18PR(D),2574
9.5R17.5-18PR(D),2575
9.5R17.5-18PR(S),2723
9.5R17.5-18PR(S),2725
9.5R17.5(D),1850
95R17.5.18,2725
9R156PRLT(S),895
9R158PRLT(S),1060
9R22.5-14PR(D),1930
9R22.5-14PR(S),2030
중후후12R22.5-16PR(D),2867
트레일러(피견인),10000
LT175/75R146PR(D),515
LT175/75R146PR(S),560
LT185/75R146PR(D),560
LT185/75R146PR(S),615
LT195/75R146PR(D),600
LT195/75R146PR(S),650
LT195/75R148PR(D),710
LT195/75R148PR(S),775
LT195/75R156PR(D),630
LT195/75R156PR(S),690
LT205/75R156PR(D),690
LT205/75R156PR(S),750
LT215/70R146PR(D),670
LT215/70R146PR(S),730
LT215/75R146PR(D),690
LT215/75R146PR(S),750
LT215/75R15 100/97(S),800
LT215/75R15 106/130Q(D),800
LT215/75R15 106/130Q(S),730
LT215/75R156PR(D),730
LT215/75R156PR(S),800
LT215/75R158PR(D),875
LT215/75R158PR(S),950
LT215/85R1610PR(D),1120
LT215/85R1610PR(S),1215
LT215/85R166PR(D),800
LT215/85R166PR(S),880
LT215/85R168PR(D),975
LT215/85R168PR(S),1060
LT225/75R16,1215
LT225/75R1610PR(D),1120
LT225/75R1610PR(S),1215
LT225/75R166PR(D),800
LT225/75R166PR(S),880
LT225/75R168PR(D),975
LT225/75R168PR(S),1060
LT235/70R166PR(D),825
LT235/70R166PR(S),900
LT235/75R15,900
LT235/75R15(D),850
LT235/75R1510PR(D),1150
LT235/75R1510PR(S),1250
LT235/75R156PR(D),825
LT235/75R156PR(S),900
LT235/75R158PR(D),975
LT235/75R158PR(S),1060
LT235/85R1610PR(D),1260
LT235/85R1610PR(S),1380
LT235/85R166PR(D),910
LT235/85R166PR(S),1000
LT235/85R168PR(D),1080
LT235/85R168PR(S),1190
LT245/70R156PR(D),850
LT245/70R156PR(S),925
LT245/75R-16E(D),1380
LT245/75R-16E(S),1380
LT245/75R16(D),1380
LT245/75R1610PR(D),1260
LT245/75R1610PR(S),1380
LT245/75R166PR(D),910
LT245/75R166PR(S),1000
LT245/75R168PR(D),1080
LT245/75R168PR(S),1190
LT255/70R156PR(D),875
LT255/70R156PR(S),975
LT255/70R166PR(D),900
LT255/70R166PR(S),1000
LT255/75R156PR(D),925
LT255/75R156PR(S),1030
LT255/85R166PR(D),1030
LT255/85R166PR(S),1120
LT255/85R168PR(D),1250
LT255/85R168PR(S),1360
LT265/60R18,1360
LT265/60R18,1250
LT265/65R17,1400
LT265/65R18,1360
LT265/65R18,1500
LT265/70R156PR(D),925
LT265/70R156PR(S),1030
LT265/70R17,1450
LT265/75R16,1400
LT265/75R1610PR(D),1400
LT265/75R1610PR(S),1550
LT265/75R166PR(D),1030
LT265/75R166PR(S),1120
LT265/75R168PR(D),1250
LT265/75R168PR(S),1360
LT275/65R18,1400
LT275/65R18,1550
LT275/65R20,1700
LT275/70R166PR(D),1030
LT275/70R166PR(S),1120
LT275/70R168PR(D),1250
LT275/70R168PR(S),1360
LT275/70R18,1650
LT275/75R18,1750
LT285/50R20,1360
LT285/60R20,1651
LT285/65R20,1750
LT285/70R17,1320
LT285/70R17,1450
LT285/75/16,1550
LT285/75R16,1700
LT285/75R166PR(D),1150
LT285/75R166PR(S),1250
LT285/75R168PR(D),1360
LT285/75R168PR(S),1500
LT285/75R17,1285
LT305/55R20,1450
LT305/70R16,1600
LT315/70R156PR(D),975
LT315/70R156PR(S),1060
LT325/65R18,1750
LT33X12.50R24,900
LT38X13.5R17,1600
MT33X12.50R15,1000
MT35X12.50R15,1000
P195/60R15,615
P195/75R14,1210
P195/75R14,1240
P195/75R16C 10PR,1060
P205-75R15(S),725
P205/45ZR17,560
P205/70R15(S),775
P215/70R15,750
P215/75R15(S),790
P225/55R16,775
P225/55R16,690
P225/55ZR16,775
P225/65R16,900
P225/70R15,785
P225/70R16,825
P225/75R16,1215
P225/75R16(S),900
P235/35R19,615
P235/45ZR18,750
P235/60R16,800
P235/60R18(S),975
P235/70R16(S),900
P235/75R16,1030
P245/65R17,925
P245/70R16,950
P245/75R17,1060
P255/55R18,1030
P255/60R18,1000
P255/60R18(S),1000
P255/65R16,950
P255/70R15,990
P265/65R18,1120
P265/70R15(S),1055
P265/70R15(S),1060
P275/45R20,950
P275/60R15(S),975
P33/12.50R17,1000
P33X12.50R20,1450
P35X13.50R15,1500
P37/13.50R17LT,1950
P37/13.50R24LT,1600
R245/70R19.5-14PR(D),2120
